url,Views,Date_Uploaded,Likes,Dislikes
https://www.youtube.com/watch?v=npi0DtY8a7I,"5,493 views",Streamed live 22 hours ago,263,35
https://www.youtube.com/watch?v=DqHctQwqgQ0,"2,749,504 views","Jan 8, 2020",75K,4.4K
https://www.youtube.com/watch?v=1UGxzkUTlsM,"4,489,740 views","Jul 13, 2018",74K,4.5K
https://www.youtube.com/watch?v=s0sx2BIhegE,"202,379 views","Jun 22, 2020",8.9K,385
https://www.youtube.com/watch?v=GSfeZWvCeBY,"326,134 views","Jun 26, 2020",10K,582
https://www.youtube.com/watch?v=iy2GoQjgjC8,"419,033 views","Feb 16, 2019",5.9K,1.3K
https://www.youtube.com/watch?v=yjmp8CoZBIo,"384,944,253 views","Jan 26, 2016",4.6M,88K
https://www.youtube.com/watch?v=5nX9uVBi95s,"124,146 views","Jul 31, 2020",11K,87
https://www.youtube.com/watch?v=97qO3g5MGmc,"17,601 views","Jul 31, 2020",2.3K,195
https://www.youtube.com/watch?v=FMo-6Ut76Hw,"874,444 views","Streamed live on Feb 15, 2020",22K,2.2K
https://www.youtube.com/watch?v=FsUP2aUeyWs,"60,568 views","Jul 30, 2020",1.1K,68
https://www.youtube.com/watch?v=cZx7Rr3iVvc,"2,075,440 views","Feb 23, 2014",7.9K,769
https://www.youtube.com/watch?v=jkh-zJmCoe8,"451,667 views","Sep 30, 2018",8.8K,377
https://www.youtube.com/watch?v=TpKmG7mDaDM,"893,372 views","Aug 9, 2018",18K,450
https://www.youtube.com/watch?v=oPf27gAup9U,"6,194,117 views","Mar 29, 2012",57K,2.1K
https://www.youtube.com/watch?v=8iFvfKwV2Zk,"221,240 views","Jul 30, 2020",6.6K,142
https://www.youtube.com/watch?v=54OCJssCR4M,"22,297 views","Jul 31, 2020",632,19
https://www.youtube.com/watch?v=1ES8jKUYJyQ,"130,941 views","Jul 30, 2020",3.1K,99
https://www.youtube.com/watch?v=ZQarso3FpcM,"388,639 views","Jul 31, 2020",31K,471
https://www.youtube.com/watch?v=1DGOI-u2gng,"111,333 views","Jul 30, 2020",2K,51
https://www.youtube.com/watch?v=o2b3NhptNKI,"258,347 views","Jul 30, 2020",5.5K,211
https://www.youtube.com/watch?v=ua-iIRQDY8g,"1,331,127 views","Jul 29, 2020",74K,3.3K
https://www.youtube.com/watch?v=OFPwDe22CoY,"21,605,678 views","Aug 30, 2012",196K,11K
https://www.youtube.com/watch?v=RlKJDwViNKs,"1,858,822 views","Aug 10, 2018",71K,950
https://www.youtube.com/watch?v=3SDkzDlw1yc,"4,796,988 views","May 16, 2019",151K,1.4K
https://www.youtube.com/watch?v=-7TwMUyWSE0,"2,060,684 views","Jan 31, 2018",51K,765
https://www.youtube.com/watch?v=mK53d6aIG48,"1,505,152 views","Oct 11, 2019",46K,750
https://www.youtube.com/watch?v=bkRgYRA7JnA,"155,678 views","Sep 16, 2018",2.5K,93
https://www.youtube.com/watch?v=1liSfxaqQ_A,"676,760 views","Apr 7, 2016",11K,368
https://www.youtube.com/watch?v=bLY45o6rHm0,"13,131,844 views","Mar 5, 2017",219K,10K
https://www.youtube.com/watch?v=lounJuTaiSc,"462,689 views","Apr 13, 2014",8K,202
https://www.youtube.com/watch?v=TgWd6wh6-cg,"35,373 views","Mar 19, 2017",794,167
https://www.youtube.com/watch?v=15Z1mtiJnyk,"2,410,412 views","Premiered Dec 29, 2019",119K,1.1K
https://www.youtube.com/watch?v=0wlnAahqYnI,"59,375 views","Premiered Jul 29, 2020",3.8K,47
https://www.youtube.com/watch?v=w1V3gZv0ebY,"3,542,353 views","Oct 31, 2017",56K,1.8K
https://www.youtube.com/watch?v=V3EucbqWS64,"1,245,391 views","Feb 3, 2019",49K,400
https://www.youtube.com/watch?v=x4fmcmTxYsI,"756,989 views","Premiered Dec 22, 2019",39K,299
https://www.youtube.com/watch?v=VWD-nx9gA0o,"91,830 views","Jul 30, 2020",2.5K,44
https://www.youtube.com/watch?v=v3hdoRqA-5M,"912,093 views","Streamed live on Jun 1, 2020",25K,533
https://www.youtube.com/watch?v=v-tfnUh4kms,"803,584 views","Streamed live on Jul 29, 2020",14K,412
https://www.youtube.com/watch?v=R4tCsa53jDc,"65,008 views","Jul 30, 2020",2.9K,57
https://www.youtube.com/watch?v=JIB3JbIIbPU,"2,044,262 views","Streamed live on Jul 30, 2020",67K,1.4K
https://www.youtube.com/watch?v=bUATe7NqRBc,"58,116 views","Jul 31, 2020",4.2K,50
https://www.youtube.com/watch?v=sX1Y2JMK6g8,"7,422,436 views","Jul 13, 2018",146K,3.7K
https://www.youtube.com/watch?v=bDKbP3YECOw,"93,664 views","Jul 31, 2020",5.9K,89
https://www.youtube.com/watch?v=nnewZrf7v5U,"478,716 views","Jul 29, 2020",8.8K,197
https://www.youtube.com/watch?v=cV4yF78iwSs,"13,073 views","Jul 31, 2020",1.4K,37
https://www.youtube.com/watch?v=brE21SBO2j8,"4,247,134 views","Dec 19, 2016",114K,1K
https://www.youtube.com/watch?v=IP9UDlL74pw,"66,363 views","Jul 29, 2020",840,37
https://www.youtube.com/watch?v=Yt-9QUGo7og,19 watching now,Started streaming 16 hours ago,327,6
https://www.youtube.com/watch?v=nJ8pVaC23zM,"78,090 views","Sep 12, 2019",3K,91
https://www.youtube.com/watch?v=bRUTRVJeUaQ,"2,513,141 views","Apr 30, 2019",49K,2.9K
https://www.youtube.com/watch?v=sSluL1OjCZA,"100,009 views","Jul 30, 2020",18K,318
https://www.youtube.com/watch?v=161HuY6Gb2Q,"393,530 views","Oct 5, 2019",12K,386
https://www.youtube.com/watch?v=1AliNrMitqk,"1,775,024 views","Jul 26, 2019",48K,1.2K
https://www.youtube.com/watch?v=t_IDvg__OCc,"1,465,098 views","Sep 15, 2018",68K,1.1K
https://www.youtube.com/watch?v=RQgSyIDqVQY,"1,348,351 views","Jul 28, 2020",151K,1.5K
https://www.youtube.com/watch?v=PGNYw5vPkEQ,"10,177,943 views","Jan 3, 2020",177K,11K
https://www.youtube.com/watch?v=SpKZhPcPLMw,405 views,Premiered 19 hours ago,110,0
https://www.youtube.com/watch?v=k5-m5W_jN-4,"18,900 views",Premiered 18 hours ago,2.1K,48
https://www.youtube.com/watch?v=yU6zMPFd4UU,"14,199,829 views","Aug 29, 2017",191K,4.1K
https://www.youtube.com/watch?v=WJNrSHN81Sk,"1,570,806 views","Jan 27, 2017",36K,1.5K
https://www.youtube.com/watch?v=s2YZN2L700Q,"619,861 views","Feb 18, 2015",5.6K,305
https://www.youtube.com/watch?v=WXz7Yh-adak,"12,709 views",Streamed live 18 hours ago,1.4K,50
https://www.youtube.com/watch?v=h48BWDeBLno,"1,357,282 views","Apr 21, 2014",7.9K,1.5K
https://www.youtube.com/watch?v=mrH2xDlHLIk,"21,249 views","Streamed live on Jul 30, 2020",1.9K,57
https://www.youtube.com/watch?v=wT0pRnRQJtk,"495,773 views","Jul 31, 2020",10K,442
https://www.youtube.com/watch?v=gufpCHJU6Cw,"369,685 views","Mar 22, 2020",8.1K,246
https://www.youtube.com/watch?v=ZL6Ie2zFiJo,3 views,"Jul 30, 2020",0,0
https://www.youtube.com/watch?v=c01TSODs2_g,"132,479 views","Oct 18, 2018",1.3K,74
https://www.youtube.com/watch?v=hpZwCRInrgo,"1,331,789 views","Jan 31, 2018",12K,1K
https://www.youtube.com/watch?v=B7I6D3mSYTE,"246,055 views","Mar 19, 2018",2.2K,139
https://www.youtube.com/watch?v=mtYvF_27wBM,"95,938 views","Jul 29, 2020",1.1K,103
https://www.youtube.com/watch?v=xwpKcNc8jDs,"116,077 views","Jul 27, 2020",5.6K,728
https://www.youtube.com/watch?v=3PXfoxs8UbY,"2,134,344 views","Apr 13, 2014",10K,1.3K
https://www.youtube.com/watch?v=2tnIYM-qF40,"397,787 views","Apr 13, 2014",2.5K,380
https://www.youtube.com/watch?v=rnhhUI4nbzY,"173,886 views","Aug 14, 2013",1.7K,90
https://www.youtube.com/watch?v=RH8kyg9Ofog,"16,132 views","May 27, 2020",927,74
https://www.youtube.com/watch?v=5pcR3eceOf4,"284,315 views","Apr 13, 2014",3.1K,393
https://www.youtube.com/watch?v=DlAVSwxkqWI,"49,667 views","Nov 13, 2018",3.6K,166
https://www.youtube.com/watch?v=YHJTN5vJXC8,"398,719 views","Apr 13, 2014",3.6K,311
https://www.youtube.com/watch?v=rnhhUI4nbzY,"173,886 views","Aug 14, 2013",1.7K,90
https://www.youtube.com/watch?v=iZRAXSd7s4Y,"12,501 views","Nov 14, 2019",123,18
https://www.youtube.com/watch?v=29dLpRKIEhU,"5,535 views","Nov 13, 2019",LIKE,DISLIKE
https://www.youtube.com/watch?v=GNfVDy7h0Hc,"53,011 views","Nov 14, 2014",605,76
https://www.youtube.com/watch?v=RH8kyg9Ofog,"16,132 views","May 27, 2020",927,74
https://www.youtube.com/watch?v=MnMcNk7MttQ,"100,979 views","Nov 14, 2017",462,96
https://www.youtube.com/watch?v=-Jv7lv9EoDQ,"19,699 views","Nov 13, 2014",LIKE,DISLIKE
https://www.youtube.com/watch?v=m4bWUIIo3qg,"1,313,980 views","May 9, 2017",LIKE,DISLIKE
https://www.youtube.com/watch?v=3s5I0xw2OWE,"886,278 views","Feb 25, 2018",4K,566
https://www.youtube.com/watch?v=MT9FObdUnug,"9,267 views","Jul 31, 2020",868,9
https://www.youtube.com/watch?v=q8aETK5pQR4,"4,826,690 views","Jul 20, 2015",50K,3.7K
https://www.youtube.com/watch?v=1J_MKRJUENE,"2,124,451 views","Jul 31, 2020",209K,1.9K
https://www.youtube.com/watch?v=GUUnJsiQxdU,"3,977,080 views","Jul 30, 2020",357K,4.9K
https://www.youtube.com/watch?v=l4bpfUcLik0,"1,494 views","Jul 31, 2020",74,3
https://www.youtube.com/watch?v=svLleaOKSFc,"2,520 watching now",Started streaming 18 hours ago,1.1K,1.6K
https://www.youtube.com/watch?v=SlJZLLnhR7k,"3,521,533 views","Jul 29, 2020",320K,3.4K
https://www.youtube.com/watch?v=FXTgITg-UAM,"8,447,899 views","Jul 23, 2020",1M,24K
https://www.youtube.com/watch?v=f47-DW6QoA0,"225,092 views","Jul 31, 2020",42K,702
https://www.youtube.com/watch?v=rWkCW7FLm4s,"257,372 views","Jul 30, 2020",10K,318
https://www.youtube.com/watch?v=MBRihNZGzA0,"1,920,559 views","Jul 27, 2020",84K,5.2K
https://www.youtube.com/watch?v=Q_BlCBEUKRo,"71,144 views","Jul 31, 2020",5.3K,72
https://www.youtube.com/watch?v=nnZDjR2xv20,"54,239 views","Streamed live on Jul 30, 2020",287,71
https://www.youtube.com/watch?v=rdVyEg0prrw,"712,825 views","Jul 29, 2020",31K,1.5K
https://www.youtube.com/watch?v=5pxQrgmsnAk,"174,700 views","Jul 29, 2020",8.7K,219
https://www.youtube.com/watch?v=SD4Z8dlZPd8,"475,042,979 views","Mar 25, 2020",4.5M,702K
https://www.youtube.com/watch?v=xhuIwAG1SP0,"182,174 views","Streamed live on Jul 30, 2020",1.3K,147
https://www.youtube.com/watch?v=aJOTlE1K90k,"2,752,061,079 views","May 30, 2018",16M,707K
https://www.youtube.com/watch?v=g87k93SDrrs,"1,556 watching now","Started streaming on Jul 26, 2020",1.9K,97
https://www.youtube.com/watch?v=Dm9Zf1WYQ_A,"11,646,843 views","Jul 30, 2020",1.7M,29K
https://www.youtube.com/watch?v=qpgTC9MDx1o,"670,148,518 views","Sep 29, 2014",3.9M,192K
https://www.youtube.com/watch?v=dwWd85XgkW8,"639,793 views","Jul 31, 2020",57K,507
https://www.youtube.com/watch?v=PFcj6X3BNXI,"1,725,595 views","Jul 30, 2020",100K,807
https://www.youtube.com/watch?v=ZeCPWVFtWzY,"401,940 views","Jul 31, 2020",45K,179
https://www.youtube.com/watch?v=YAFa82p1Yto,55 views,"Jul 31, 2020",12,0
https://www.youtube.com/watch?v=suLl_eokRnM,"1,735,316 views","Jul 24, 2020",147K,1K
https://www.youtube.com/watch?v=r7qovpFAGrQ,"461,527,800 views","Jul 18, 2019",4.6M,156K
https://www.youtube.com/watch?v=w2Ov5jzm3j8,"498,431,568 views","Premiered May 17, 2019",11M,341K
https://www.youtube.com/watch?v=U4xPahDjY6k,"50,218,209 views","Jul 15, 2019",467K,12K
https://www.youtube.com/watch?v=Q9Vjvz1NPN8,"31,624,202 views","Jan 27, 2020",2.1M,23K
https://www.youtube.com/watch?v=75PpxGzR7s0,"33,786,784 views","Jul 5, 2019",254K,8.3K
https://www.youtube.com/watch?v=pl5WHx8QCVk,"39,439,459 views","Jul 4, 2019",304K,16K
https://www.youtube.com/watch?v=Dm9Zf1WYQ_A,"11,646,843 views","Jul 30, 2020",1.7M,29K
https://www.youtube.com/watch?v=DyDfgMOUjCI,"932,703,143 views","Mar 29, 2019",13M,927K
https://www.youtube.com/watch?v=V1Pl8CzNzCw,"765,413,634 views","Apr 26, 2018",10M,153K
https://www.youtube.com/watch?v=a2xhCMoQT_Q,"4,817 views",Streamed live 12 hours ago,531,5
https://www.youtube.com/watch?v=gBRi6aZJGj4,"415,366,353 views","Mar 22, 2017",5M,75K
https://www.youtube.com/watch?v=t7ZZDITrxSY,"544,251 views","Jul 30, 2020",12K,365
https://www.youtube.com/watch?v=UufZqvdGOBE,"1,388,492 views","Jul 31, 2020",78K,1.4K
https://www.youtube.com/watch?v=VD479r44iZk,"977,953 views","Jul 30, 2020",34K,743
https://www.youtube.com/watch?v=yMN_j-dYEgE,"6,961 views",Streamed live 14 hours ago,314,11
https://www.youtube.com/watch?v=s2BiELoKOPE,"1,978,325 views","Jul 30, 2020",88K,1.1K
https://www.youtube.com/watch?v=hXyzlkmUD64,"499,822 views","Jul 31, 2020",21K,629
https://www.youtube.com/watch?v=mby5WjNFmhI,"824,697 views","Jul 30, 2020",20K,1.2K
https://www.youtube.com/watch?v=hWzccW4TQkg,"19,073,241 views","Apr 24, 2020",1.7M,10K
https://www.youtube.com/watch?v=ZvKcKsFCIbk,"126,716 views","Jul 30, 2020",8.1K,298
https://www.youtube.com/watch?v=6zyuNRf2d5w,284 views,Premiered 17 hours ago,8,0
https://www.youtube.com/watch?v=CaiI11gEWYo,"2,353,031 views","Apr 24, 2020",47K,634
https://www.youtube.com/watch?v=klJz3y5C5sI,"10,913,180 views","Jul 13, 2016",260K,1.9K
https://www.youtube.com/watch?v=mseD7dAu3Mg,"1,992,823 views","Feb 27, 2019",119K,1.2K
https://www.youtube.com/watch?v=XfjL4fEghXQ,"6,556,238 views","Jun 11, 2019",550K,3.2K
https://www.youtube.com/watch?v=nk7DpstIieA,"3,942 views","Jul 31, 2020",1.1K,1
https://www.youtube.com/watch?v=Les010vLDpI,28 views,"Jul 30, 2020",6,0
https://www.youtube.com/watch?v=BYg6_u_WJf4,252 views,"Jul 30, 2020",19,2
https://www.youtube.com/watch?v=DF-kfDEJEdc,"2,478,524 views","Jul 31, 2020",197K,2.1K
https://www.youtube.com/watch?v=XaNZeRNeTrY,"5,000,852 views","Jul 25, 2020",358K,7.1K
https://www.youtube.com/watch?v=9lT6ABDj32I,"14,915,530 views","Jul 21, 2020",764K,30K
https://www.youtube.com/watch?v=gAAjOYIowaM,"8,626,837 views","Premiered Jul 29, 2020",465K,11K
https://www.youtube.com/watch?v=AOkVEwMQOTM,"6,911,222 views","Jul 14, 2020",488K,5.5K
https://www.youtube.com/watch?v=G42RJ4mKj1k,"6,334,098 views","Jul 29, 2020",149K,6.3K
https://www.youtube.com/watch?v=j7T6__UbhBI,"930,554 views","Jul 31, 2020",29K,1.4K
https://www.youtube.com/watch?v=3qHkcs3kG44,"3,714,967 views","Jun 4, 2019",83K,2.4K
https://www.youtube.com/watch?v=6adKh-LYk3s,"1,439,490 views","Jul 30, 2020",19K,2.1K
https://www.youtube.com/watch?v=GUUnJsiQxdU,"3,977,890 views","Jul 30, 2020",357K,4.9K
https://www.youtube.com/watch?v=XqZsoesa55w,"6,152,919,321 views","Jun 17, 2016",19M,8.6M
https://www.youtube.com/watch?v=j8z7UjET1Is,"1,637,075,393 views","May 12, 2018",4M,2.4M
https://www.youtube.com/watch?v=020g-0hhCAU,"1,408,105,382 views","Nov 21, 2017",3M,2M
https://www.youtube.com/watch?v=Wbk4gZz2weQ,"133,349,809 views","Nov 22, 2019",435K,266K
https://www.youtube.com/watch?v=dvwF6BfHUmo,"43,369,819 views","Dec 29, 2019",LIKE,DISLIKE
https://www.youtube.com/watch?v=9IHwqdz8Xhw,"85,678,160 views","Premiered Jun 26, 2020",8.1M,227K
https://www.youtube.com/watch?v=XsX3ATc3FbA,"872,115,653 views","Apr 12, 2019",16M,976K
https://www.youtube.com/watch?v=MBdVXkSdhwU,"1,047,938,978 views","Sep 18, 2017",15M,788K
https://www.youtube.com/watch?v=7C2z4GqqS5E,"740,330,595 views","May 18, 2018",12M,506K
https://www.youtube.com/watch?v=hmE9f-TEutc,"609,503,834 views","Oct 9, 2016",8.6M,211K
https://www.youtube.com/watch?v=gwMa6gpoE9I,"226,221,749 views","Premiered Feb 21, 2020",9.4M,272K
https://www.youtube.com/watch?v=DPSvFf9qcAs,"1,396,078 views","Jul 30, 2020",55K,588
https://www.youtube.com/watch?v=mxh3r5WrwEE,"1,596,824 views","Jul 28, 2020",62K,826
https://www.youtube.com/watch?v=S0JGM4Jt11g,"1,736,523 views","Jul 26, 2020",65K,830
https://www.youtube.com/watch?v=Xiqtm_TSx34,"1,678,384 views","Premiered Jul 11, 2020",86K,1.2K
https://www.youtube.com/watch?v=S-kb-XV8wMI,"1,657,391 views","Jul 23, 2020",68K,1.3K
https://www.youtube.com/watch?v=pPHm3dirrVE,"2,401,960 views","Jul 25, 2020",82K,847
https://www.youtube.com/watch?v=WENb6lBQkJU,"5,043,556 views","Jun 21, 2020",239K,2.6K
https://www.youtube.com/watch?v=WUfnQPoJbSc,"19,343,150 views","Sep 23, 2013",159K,11K
https://www.youtube.com/watch?v=_ZW-AZ2mNeA,"5,253,111 views","Aug 24, 2019",168K,2.4K
https://www.youtube.com/watch?v=_jJiTcubp5E,"911,334 views","Jun 27, 2020",16K,224
https://www.youtube.com/watch?v=UGRcJQ9tMbY,"8,433,038 views","Jan 26, 2019",117K,3K
https://www.youtube.com/watch?v=rTb3GR6yrQI,"5,775,582 views","Nov 17, 2018",104K,6.5K
https://www.youtube.com/watch?v=zGZNdc3QnJY,"1,426,068 views","Apr 26, 2020",13K,1.6K
https://www.youtube.com/watch?v=hDmTVUa6HOA,"110,072 views","Jul 31, 2020",6.3K,81
https://www.youtube.com/watch?v=ZrcfiXRB_u8,"247,270 views","Jul 30, 2020",12K,137
https://www.youtube.com/watch?v=aUw4b3LeudE,"2,425 views","Jul 31, 2020",81,1
https://www.youtube.com/watch?v=_nzmXI-BNkU,"552,967 views","Jul 27, 2020",25K,311
https://www.youtube.com/watch?v=pFDJWmotTqU,"471,191 views","Jul 24, 2020",22K,184
https://www.youtube.com/watch?v=_F7IW_K_3H8,"297,683 views","Jul 29, 2020",13K,104
https://www.youtube.com/watch?v=oSCSWVrcCtA,"804,957 views","Jul 31, 2020",9.3K,1.5K
https://www.youtube.com/watch?v=hnPIOfJjq8w,"108,378 views","Jul 31, 2020",2.4K,472
https://www.youtube.com/watch?v=fU3Jh_oZZE0,"1,691,543 views","Jul 28, 2020",24K,2.6K
https://www.youtube.com/watch?v=9MwZdQUaVTM,"529,021 views","Jul 30, 2020",6.6K,1.6K
https://www.youtube.com/watch?v=pGNehPhx8Jo,"988,922 views","Jul 30, 2020",13K,1.3K
https://www.youtube.com/watch?v=l58XSxWK8P4,"383,310 views","Jul 31, 2020",12K,649
https://www.youtube.com/watch?v=gjqMdtCnUlk,"238,309 views","Jul 31, 2020",7.2K,271
https://www.youtube.com/watch?v=qlbqaibkdsU,"106,697 views","Jul 31, 2020",5.3K,288
https://www.youtube.com/watch?v=w8vV8jmF-qc,"275,796 views","Jul 30, 2020",7.3K,385
https://www.youtube.com/watch?v=zPGs-o40xIU,"76,550 views","Jul 31, 2020",2K,145
https://www.youtube.com/watch?v=5qap5aO4i9A,"21,156 watching now","Started streaming on Feb 22, 2020",2M,42K
https://www.youtube.com/watch?v=DWcJFNfaw9c,"10,984 watching now","Started streaming on Feb 25, 2020",416K,6.5K
https://www.youtube.com/watch?v=qsdzdUYl5c0,"299,419 views","Jul 24, 2020",13K,72
https://www.youtube.com/watch?v=lTRiuFIWV54,"17,025,923 views","Premiered Dec 8, 2019",409K,3.3K
https://www.youtube.com/watch?v=-5KAN9_CzSA,"2,313 watching now","Started streaming on May 9, 2020",65K,872
https://www.youtube.com/watch?v=aYT0_5wUAs0,"3,567,606 views","Jul 30, 2020",290K,7.3K
https://www.youtube.com/watch?v=0BITgGt7B98,"782,789 views","Jul 31, 2020",60K,1.2K
https://www.youtube.com/watch?v=toQbSRrMX9o,"2,996,511 views","Jul 31, 2020",173K,2.2K
https://www.youtube.com/watch?v=Qw1wGohtfRE,344 watching now,Started streaming 22 hours ago,3.1K,588
https://www.youtube.com/watch?v=hJtpTHexrds,"661,496 views","Jul 31, 2020",33K,598
https://www.youtube.com/watch?v=mUy4fdAhOME,"607,798 views","Jul 31, 2020",53K,259
https://www.youtube.com/watch?v=k1iIbdLQF0c,"113,533 views","Jul 30, 2020",8.6K,310
https://www.youtube.com/watch?v=IAx-m1Z8L1c,"26,286 views","Jul 31, 2020",2.3K,26
https://www.youtube.com/watch?v=erynuZ9yJBs,"12,315 views","Jul 31, 2020",1.1K,15
https://www.youtube.com/watch?v=ardRp2x0D_E,"16,391,830 views","Jun 26, 2020",629K,558K
https://www.youtube.com/watch?v=fmLAt4Uf_Q0,"68,617 views","Jul 29, 2020",3.2K,368
https://www.youtube.com/watch?v=eN6AYHAT8UM,"297,051,634 views","Nov 16, 2019",2.7M,341K
https://www.youtube.com/watch?v=BBAyRBTfsOU,"909,814,825 views","Apr 6, 2019",7.2M,541K
https://www.youtube.com/watch?v=ftMnmPC82qM,169 watching now,"Started streaming on Jun 28, 2020",95K,4.5K
https://www.youtube.com/watch?v=hVCYwwFwGEE,"120,202,512 views","Mar 11, 2019",625K,32K
https://www.youtube.com/watch?v=TSIv8AdQ8kI,"333,937 views","Jul 28, 2020",5.2K,560
https://www.youtube.com/watch?v=F8AkDqpatX0,"2,082,797 views","Jul 25, 2020",21K,4.9K
https://www.youtube.com/watch?v=ePkGwBTkUXs,"1,344,418 views","Jul 20, 2020",14K,4.1K
https://www.youtube.com/watch?v=Not-wdJvG-Y,"1,203,699 views","Jul 29, 2020",27K,5.5K
https://www.youtube.com/watch?v=C-NPvbU1V1U,"502,172 views","Premiered Jul 29, 2020",14K,463
https://www.youtube.com/watch?v=cCYOqx8qho8,"25,519 views","Jul 31, 2020",441,38
https://www.youtube.com/watch?v=MrPKsLq8OqI,"102,877 views","Jul 31, 2020",1.3K,239
https://www.youtube.com/watch?v=daPEm8USZW8,"147,281 views","Jul 30, 2020",2.3K,129
https://www.youtube.com/watch?v=wT0pRnRQJtk,"498,557 views","Jul 31, 2020",10K,446
https://www.youtube.com/watch?v=qSH5tmUQHB0,"896,883 views","Jul 31, 2020",14K,529
https://www.youtube.com/watch?v=S1-DKoij-2M,"1,225,383 views","Jul 30, 2020",111K,1.5K
https://www.youtube.com/watch?v=N3JUFKwwTd0,"1,627,452 views","Jul 29, 2020",145K,2K
https://www.youtube.com/watch?v=9ZKchQz6C7s,"1,848,654 views","Jul 28, 2020",173K,2K
https://www.youtube.com/watch?v=NZFrruhteYQ,"178,840 views","Jul 31, 2020",24K,192
https://www.youtube.com/watch?v=NkHxPF4z4lU,"2,081,894 views","Jul 26, 2020",254K,1.6K
https://www.youtube.com/watch?v=pARr5KAPjxk,"2,512,627 views","Dec 31, 2019",234K,1.7K
https://www.youtube.com/watch?v=UqjB6DtwFak,"2,516,358 views","May 4, 2020",148K,1.6K
https://www.youtube.com/watch?v=jBLVLPSoQLM,"1,662,614 views","Jul 27, 2020",164K,2.8K
https://www.youtube.com/watch?v=0pKNusGLX6w,"1,793,879 views","Jul 23, 2020",187K,2.1K
https://www.youtube.com/watch?v=bC49qDUPciQ,"2,546,370 views","Jul 29, 2020",74K,2.2K
https://www.youtube.com/watch?v=8Bb0Vt3RqdE,"3,146,869 views","Jul 27, 2020",52K,1.9K
https://www.youtube.com/watch?v=9WJ732Kpu80,"7,137,789 views","Jul 21, 2020",144K,5.9K
https://www.youtube.com/watch?v=KB4i909dX24,"177,844 views",Streamed live 15 hours ago,1K,320
https://www.youtube.com/watch?v=LzTZnlx4GMw,"4,196,591 views","Jul 25, 2020",76K,3.2K
https://www.youtube.com/watch?v=xb2N7rYgGYo,"13,951,853 views","Jul 7, 2020",208K,9.8K
https://www.youtube.com/watch?v=5qap5aO4i9A,"21,299 watching now","Started streaming on Feb 22, 2020",2M,42K
https://www.youtube.com/watch?v=DWcJFNfaw9c,"11,068 watching now","Started streaming on Feb 25, 2020",416K,6.5K
https://www.youtube.com/watch?v=lTRiuFIWV54,"17,026,360 views","Premiered Dec 8, 2019",409K,3.3K
https://www.youtube.com/watch?v=jrTMMG0zJyI,"28,366,975 views","May 20, 2018",639K,7.5K
https://www.youtube.com/watch?v=toQbSRrMX9o,"3,022,687 views","Jul 31, 2020",174K,2.2K
https://www.youtube.com/watch?v=xJsMA_ED2KM,"4,206,576 views","Jul 29, 2020",200K,2.9K
https://www.youtube.com/watch?v=YQDDm9HLkV4,"24,660,575 views","Jul 23, 2020",1.6M,16K
https://www.youtube.com/watch?v=fZDUxJ-7Y4A,"3,100,415 views","Jul 30, 2020",83K,2.3K
https://www.youtube.com/watch?v=F4Y3Pkn95GI,"48,279,115 views","Feb 29, 2020",1.4M,30K
https://www.youtube.com/watch?v=nZ1rTugGIkw,"11,818,679 views","Jul 25, 2020",428K,10K
https://www.youtube.com/watch?v=gDMf5g8EU5g,"5,339,699 views","Jul 22, 2020",236K,3.6K
https://www.youtube.com/watch?v=gl1aHhXnN1k,"535,096,075 views","Premiered Nov 30, 2018",10M,476K
https://www.youtube.com/watch?v=ffxKSjUwKdU,"923,723,836 views","Apr 19, 2018",6.5M,308K
https://www.youtube.com/watch?v=AoAm4om0wTs,"165,990,402 views","Premiered May 22, 2020",4.1M,224K
https://www.youtube.com/watch?v=1ekZEVeXwek,"788,256,608 views","May 23, 2016",4.1M,162K
https://www.youtube.com/watch?v=pE49WK-oNjU,"88,831,970 views","Premiered May 7, 2020",3.4M,85K
https://www.youtube.com/watch?v=ejKvwawO0uA,"2,947,494 views","Jul 23, 2020",47K,1.5K
https://www.youtube.com/watch?v=rbqcix22u8U,"2,994,347 views","Feb 24, 2020",45K,3.7K
https://www.youtube.com/watch?v=8s9joL_AGfo,"10,334,457 views","Aug 14, 2018",215K,5.5K
https://www.youtube.com/watch?v=DUPo62ouU84,"5,547,583 views","Nov 19, 2019",112K,3.4K
https://www.youtube.com/watch?v=dmMoYNpjFvg,"368,580 views","Jul 30, 2020",18K,478
https://www.youtube.com/watch?v=iy0txHvaLic,"55,622 views","Jul 31, 2020",4.3K,98
https://www.youtube.com/watch?v=wqkRoMtdpas,"39,498 views",Premiered 14 hours ago,2.8K,127
https://www.youtube.com/watch?v=CANiqCXhDx4,"61,736 views","Jul 31, 2020",2.5K,171
https://www.youtube.com/watch?v=3b9S4G9XRXo,"1,926,589 views","Jul 30, 2020",123K,1.4K
https://www.youtube.com/watch?v=tbGvd_nIHPI,"1,812,772 views","Jul 28, 2020",95K,1.4K
https://www.youtube.com/watch?v=lNDO_BC3JFU,"2,754 views","Jul 31, 2020",136,25
https://www.youtube.com/watch?v=L4fqAPGN_qk,46 views,"Jul 31, 2020",3,0
https://www.youtube.com/watch?v=vqwNEhJVDQ8,"39,134 views","Jul 29, 2020",1.3K,25
https://www.youtube.com/watch?v=OUPcKUu2e28,"15,716 views","Jul 27, 2020",409,22
https://www.youtube.com/watch?v=jAl1TbbChLs,"6,352,808 views","Aug 3, 2018",109K,2.6K
https://www.youtube.com/watch?v=DMLW_KuX59Q,"36,829 views","Jul 31, 2020",3.4K,57
https://www.youtube.com/watch?v=s6NvNwH9kUc,"17,131 views","Jul 31, 2020",2.2K,15
https://www.youtube.com/watch?v=JjGF0Ev8fd8,"4,321,178 views","Mar 22, 2019",35K,437
https://www.youtube.com/watch?v=3FxzJ0c2P-I,"174,587 views","Jul 29, 2020",13K,119
https://www.youtube.com/watch?v=-lzCrx8JoYM,"40,260 views","Jul 30, 2020",4.3K,24
https://www.youtube.com/watch?v=E3FfwK81OsU,"2,105,070 views","Jun 27, 2020",43K,664
https://www.youtube.com/watch?v=9xG5aPvrS-k,"8,939,654 views","May 10, 2020",183K,1.5K
https://www.youtube.com/watch?v=NZYKLEsLRrs,"18,547 views","Jul 31, 2020",2.7K,22
https://www.youtube.com/watch?v=FZU452zBzfo,"24,189 views","Jul 31, 2020",3.2K,38
https://www.youtube.com/watch?v=diQlOF5BYPA,"372,814 views","Nov 19, 2019",5.5K,69
https://www.youtube.com/watch?v=m2CaixwGhoQ,"512,831 views","Jul 24, 2020",32K,214
https://www.youtube.com/watch?v=3Ohl0ankCh8,"1,297,793 views","Jul 30, 2020",94K,42K
https://www.youtube.com/watch?v=NLEb1DeBiS8,"8,202,433 views","Premiered Jul 24, 2020",363K,275K
https://www.youtube.com/watch?v=hSlb1ezRqfA,"270,870,251 views","May 30, 2017",3M,4.8M
https://www.youtube.com/watch?v=-9EZKlBMzS8,"1,786,893 views","Jul 23, 2020",103K,10K
https://www.youtube.com/watch?v=uaQOkahQmYg,"4,165,360 views","Jul 29, 2020",336K,5.8K
https://www.youtube.com/watch?v=TuIcBPm90aM,"43,987,607 views","Jun 6, 2017",2.1M,149K
https://www.youtube.com/watch?v=PN5YWJfvNvE,"5,461,104 views","Jul 27, 2020",428K,8.5K
https://www.youtube.com/watch?v=lzb4q2CGpLY,"151,152 views","Jul 29, 2020",5K,2.6K
https://www.youtube.com/watch?v=cYVYQicmO3A,"2,470,913 views","Jun 14, 2020",111K,33K
https://www.youtube.com/watch?v=xhuIwAG1SP0,"183,830 views","Streamed live on Jul 30, 2020",1.3K,148
https://www.youtube.com/watch?v=NLWUTAElfn0,"32,198 views",Streamed live 23 hours ago,288,30
https://www.youtube.com/watch?v=ip3f5jwRgs0,"411,082 views","Premiered Jul 30, 2020",80K,1.1K
https://www.youtube.com/watch?v=VyPDo5dieZU,"3,428 watching now","Started streaming on Feb 19, 2020",367K,288K
https://www.youtube.com/watch?v=AZmAgoir1Tc,"61,968,266 views","Jul 6, 2020",1.5M,49K
https://www.youtube.com/watch?v=d3nE9l1Y-hc,"8,578,639 views","Jul 28, 2020",836K,5.7K
https://www.youtube.com/watch?v=tk74ojAy-7k,"935,593 views","Jul 30, 2020",57K,950
https://www.youtube.com/watch?v=ipbeBZQMm-g,"354,873 views",Streamed live 13 hours ago,7.6K,145
https://www.youtube.com/watch?v=jHsv9iApV2M,"6,663,389 views","Jun 29, 2019",171K,3K
https://www.youtube.com/watch?v=C2EEvwrMgdg,"11,710,685 views","Jul 5, 2019",388K,5.2K
https://www.youtube.com/watch?v=LJCfM7cW9AE,"2,294,251 views","Jun 25, 2020",83K,1.7K
https://www.youtube.com/watch?v=UufZqvdGOBE,"1,404,288 views","Jul 31, 2020",79K,1.4K
https://www.youtube.com/watch?v=2grRyvwb4WI,"13,777,160 views","Jun 7, 2020",1.1M,11K
https://www.youtube.com/watch?v=XbGs_qK2PQA,"1,083,286,868 views","Nov 27, 2013",13M,426K
https://www.youtube.com/watch?v=r_0JjYUe5jo,"219,091,406 views","Premiered Mar 9, 2020",5.5M,105K
https://www.youtube.com/watch?v=_Yhyp-_hX2s,"913,332,359 views","Aug 6, 2015",5.3M,163K
https://www.youtube.com/watch?v=j5-yKhDd64s,"1,419,303,905 views","Jun 4, 2010",8.6M,236K
https://www.youtube.com/watch?v=8CdcCD5V-d8,"411,924,759 views","Oct 5, 2018",5.7M,176K
https://www.youtube.com/watch?v=uelHwf8o7_U,"2,034,900,592 views","Aug 5, 2010",9.2M,331K
https://www.youtube.com/watch?v=vlUHyBD69n8,"331,127 views","Jul 30, 2020",11K,398
https://www.youtube.com/watch?v=ssVHnWLB2QQ,"57,162 views","Jul 30, 2020",2.9K,190
https://www.youtube.com/watch?v=bPilqhXqOZw,"97,107 views","Jul 30, 2020",3.8K,162
https://www.youtube.com/watch?v=a5y2B1tbCx8,"52,961 views","Jul 30, 2020",2.6K,153
https://www.youtube.com/watch?v=f7kmtWiRBYs,"246,848 views","Jul 30, 2020",8.5K,243
https://www.youtube.com/watch?v=WvZMtbE18ws,"909,302 views","Jul 30, 2020",46K,417
https://www.youtube.com/watch?v=yzmUEvQA3XU,"948,354 views","Jul 28, 2020",40K,598
https://www.youtube.com/watch?v=dMoP699hhco,"1,013,133 views","Jul 26, 2020",53K,332
https://www.youtube.com/watch?v=KGR65lBVGdE,"5,849,857 views","Feb 5, 2018",138K,1.5K
https://www.youtube.com/watch?v=aXYhaLUvL9I,"2,544,155 views","Jun 19, 2020",100K,891
https://www.youtube.com/watch?v=O0Gcj7Kfb4s,"1,782,574 views","Jul 1, 2020",77K,575
https://www.youtube.com/watch?v=K-a8s8OLBSE,"36,216,992 views","Premiered Jul 23, 2020",1.5M,38K
https://www.youtube.com/watch?v=e-ORhEE9VVg,"2,621,552,532 views","Nov 10, 2014",10M,691K
https://www.youtube.com/watch?v=Dkk9gvTmCXY,"213,681,250 views","Premiered Jun 17, 2019",3.7M,303K
https://www.youtube.com/watch?v=3tmd-ClpJxA,"1,174,445,314 views","Aug 27, 2017",9.7M,1.3M
https://www.youtube.com/watch?v=8xg3vE8Ie_E,"530,009,895 views","Jun 16, 2009",2.6M,88K
https://www.youtube.com/watch?v=ba7mB8oueCY,"159,137,908 views","Jul 4, 2019",2.9M,69K
https://www.youtube.com/watch?v=ApXoWvfEYVU,"1,127,695,474 views","Oct 18, 2018",7.5M,271K
https://www.youtube.com/watch?v=wXhTHyIgQ_U,"255,447,160 views","Premiered Sep 3, 2019",2.8M,69K
https://www.youtube.com/watch?v=UceaB4D0jpo,"715,965,937 views","Nov 21, 2017",9M,273K
https://www.youtube.com/watch?v=UYwF-jdcVjY,"364,656,350 views","Oct 5, 2018",3M,69K
https://www.youtube.com/watch?v=nEmehcK7KfQ,"21,404,563 views","Premiered Jun 12, 2020",486K,10K
https://www.youtube.com/watch?v=hOuwNiCa-zU,"11,920,708 views","Jul 18, 2020",LIKE,DISLIKE
https://www.youtube.com/watch?v=XHn5H9YdFWw,"25,050,405 views","Jan 1, 2020",1.1M,35K
https://www.youtube.com/watch?v=N7OV9I3m7Cc,"30,772 views","Jul 31, 2020",1.3K,49
https://www.youtube.com/watch?v=AqHA4WKpflQ,"41,085 views","Jul 31, 2020",3.5K,77
https://www.youtube.com/watch?v=nvMBgFk_Ozc,"79,049 views","Jul 30, 2020",3.8K,211
https://www.youtube.com/watch?v=3bUl6D4r1Zs,"46,858 views","Jul 31, 2020",5.3K,224
https://www.youtube.com/watch?v=9CM5g9FouFI,"266,263 views","Jul 30, 2020",18K,529
https://www.youtube.com/watch?v=W_C5L0DdQHw,"871,470 views","Premiered Jul 25, 2020",43K,1.1K
https://www.youtube.com/watch?v=Qw1wGohtfRE,"319,471 views",Streamed live 22 hours ago,3.1K,588
https://www.youtube.com/watch?v=b7palqXIKZs,"49,594 views","Jul 31, 2020",3.7K,27
https://www.youtube.com/watch?v=rlR4PJn8b8I,"66,270,193 views","Mar 5, 2019",1M,28K
https://www.youtube.com/watch?v=9bI6h_9K4s0,"8,712,375 views","Aug 7, 2017",79K,1.6K
https://www.youtube.com/watch?v=eTa1jHk1Lxc,"26,904,878 views","Apr 21, 2019",578K,4.4K
https://www.youtube.com/watch?v=TZE9gVF1QbA,"10,398,098 views","Apr 14, 2019",180K,2.3K
https://www.youtube.com/watch?v=eTkxsPBTrnk,"6,544,431 views","Apr 26, 2019",202K,24K
https://www.youtube.com/watch?v=xTlNMmZKwpA,"1,200,208,538 views","May 29, 2018",7.8M,500K
https://www.youtube.com/watch?v=PEGccV-NOm8,"906,218,892 views","Jun 24, 2017",6.5M,611K
https://www.youtube.com/watch?v=cJc7xWJbwJw,"75,720,986 views","Premiered Jun 26, 2019",1.5M,163K
https://www.youtube.com/watch?v=3y-O-4IL-PU,"338,154,364 views","Premiered Mar 1, 2019",3.8M,233K
https://www.youtube.com/watch?v=AJbiZEQYeL8,"161,505 views","Jul 29, 2020",1.6K,852
https://www.youtube.com/watch?v=wue4XyfmTPM,"152,064 views","Jul 30, 2020",2.3K,1.7K
https://www.youtube.com/watch?v=EjP1oB7BA3o,"309,375 views","Jul 30, 2020",4.7K,324
https://www.youtube.com/watch?v=nyDGJcEyNOk,"385,931 views","Jul 30, 2020",7.8K,183
https://www.youtube.com/watch?v=axwJncFouXk,"80,175 views","Jul 30, 2020",795,299
https://www.youtube.com/watch?v=gFtsQzmmBAQ,"1,044,036 views","Jul 30, 2020",15K,1K
https://www.youtube.com/watch?v=WPni755-Krg,"140,587,661 views","Jun 26, 2014",694K,39K
https://www.youtube.com/watch?v=gtmzPUmq7XU,"1,598,557 views","Apr 13, 2020",16K,572
https://www.youtube.com/watch?v=BklGhQYKl30,"8,954,529 views","Aug 7, 2018",57K,3.2K
https://www.youtube.com/watch?v=XULUBg_ZcAU,"2,349 watching now","Started streaming on Dec 26, 2018",202K,7.7K
https://www.youtube.com/watch?v=9T1BBJlQZrY,"2,704,954 views","Oct 31, 2017",19K,1.1K
https://www.youtube.com/watch?v=m8gKy5eKupw,"894,251 views","Premiered Oct 28, 2018",7.2K,380
https://www.youtube.com/watch?v=sjkrrmBnpGE,"3,757,132 views","Nov 25, 2019",27K,722
https://www.youtube.com/watch?v=gFsBpL_Uy6Y,"3,750,958 views","Aug 21, 2019",34K,6.8K
https://www.youtube.com/watch?v=W0Y2mcIHOr4,"19,461,681 views","Jun 14, 2019",272K,19K
https://www.youtube.com/watch?v=TcMBFSGVi1c,"136,789,302 views","Mar 14, 2019",3M,60K
https://www.youtube.com/watch?v=lbHSosl5LCo,"5,771,727 views","Oct 24, 2019",152K,6K
https://www.youtube.com/watch?v=cpK582vCZaQ,"9,205,079 views","Jul 27, 2019",129K,4.1K
https://www.youtube.com/watch?v=_QNknEFnIgg,"3,406,491 views","Sep 9, 2019",26K,2.2K
https://www.youtube.com/watch?v=yZ9bdk6CCH4,"105,258 views","Jul 31, 2020",1.7K,88
https://www.youtube.com/watch?v=JLhuyGJA1bM,"993,555 views","Jul 31, 2020",14K,1.1K
https://www.youtube.com/watch?v=mekQJgeXpkM,"294,930 views","Jul 31, 2020",5.2K,182
https://www.youtube.com/watch?v=ooTrO0M6FqE,"112,292 views","Jul 31, 2020",1.7K,59
https://www.youtube.com/watch?v=BNIj_ZAdV-o,"54,421 views","Jul 30, 2020",693,33
https://www.youtube.com/watch?v=3gDQDI6IhUk,"33,207 views","Jul 31, 2020",550,348
https://www.youtube.com/watch?v=5yCWJdqSgrY,"61,819 views","Jul 31, 2020",645,49
https://www.youtube.com/watch?v=17oCQakzIl8,"5,639,185 views","Jul 26, 2020",202K,7.9K
https://www.youtube.com/watch?v=0b_eHBZLM6U,"5,983,787 views","Jul 19, 2020",192K,6.9K
https://www.youtube.com/watch?v=qVIXUhZ2AWs,"10,342,844 views","Feb 23, 2020",338K,62K
https://www.youtube.com/watch?v=rpVA_QHwXmY,"70,013 views","Mar 9, 2020",1.9K,161
https://www.youtube.com/watch?v=Wf4cea5oObY,"13,987,483 views","Jun 7, 2020",515K,30K
https://www.youtube.com/watch?v=ioNng23DkIM,"371,411,759 views","Premiered Jun 26, 2020",14M,795K
https://www.youtube.com/watch?v=2S24-y0Ij3Y,"943,957,141 views","Premiered Apr 4, 2019",14M,917K
https://www.youtube.com/watch?v=IHNzOHi8sJs,"1,249,364,279 views","Jun 15, 2018",13M,802K
https://www.youtube.com/watch?v=bwmSjveL3Lc,"922,574,314 views","Aug 8, 2016",8.5M,417K
https://www.youtube.com/watch?v=M4yiq8osUrM,"50,366 views","Jul 31, 2020",2.6K,78
https://www.youtube.com/watch?v=HfuUuMXgP0I,"2,221,956 views","Jul 29, 2020",399K,1.4K
https://www.youtube.com/watch?v=cCZruShUPwk,"2,913,885 views","Jul 26, 2020",302K,1.4K
https://www.youtube.com/watch?v=Uc_jWAsf74E,"185,858 views","Jul 31, 2020",27K,95
https://www.youtube.com/watch?v=6gHfVQ50OnQ,"2,677,276 views","Jul 25, 2020",273K,1.1K
https://www.youtube.com/watch?v=ZUISkLRKJZk,"3,713,616 views","Jul 24, 2020",468K,2.6K
https://www.youtube.com/watch?v=5yXQj-pcLxo,"1,341,296 views","Jul 26, 2020",141K,620
https://www.youtube.com/watch?v=ZengOKCUBHo,"63,107,045 views","Apr 23, 2020",1.5M,20K
https://www.youtube.com/watch?v=mzB1VGEGcSU,"543,401,150 views","May 10, 2018",5.3M,165K
https://www.youtube.com/watch?v=iI34LYmJ1Fs,"214,239,677 views","Feb 14, 2019",2M,55K
https://www.youtube.com/watch?v=5SejM_hBvMM,"130,535,677 views","Aug 2, 2018",1.4M,26K
https://www.youtube.com/watch?v=C5i-UnuUKUI,"24,544,302 views","Jul 13, 2020",943K,10K
https://www.youtube.com/watch?v=Dxm3cHrKcbA,"10,428,700 views","Jul 10, 2020",420K,3.8K
https://www.youtube.com/watch?v=qhtaaW_BOw4,"2,438,536 views","Jul 31, 2020",194K,1.9K
https://www.youtube.com/watch?v=3VglNPboRfY,"4,338,152 views","Jul 27, 2020",295K,5K
https://www.youtube.com/watch?v=fYK27ivcRLU,"21,159,185 views","Oct 3, 2016",181K,10K
https://www.youtube.com/watch?v=3Ohl0ankCh8,"1,299,223 views","Jul 30, 2020",94K,42K
https://www.youtube.com/watch?v=IRnhvNnfmAQ,"776,529 views","Jul 30, 2020",49K,800
https://www.youtube.com/watch?v=KZCc-StOrvU,"19,189,271 views","Feb 9, 2020",742K,33K
https://www.youtube.com/watch?v=kqhz6yY6hhQ,"4,551,119 views","Jul 24, 2020",459K,3.6K
https://www.youtube.com/watch?v=P2Lx8yIwivM,"2,309,101 views","Jul 30, 2020",115K,2.2K
https://www.youtube.com/watch?v=uMYG4GGMgfA,"160,087 views","Jul 31, 2020",9.2K,330
https://www.youtube.com/watch?v=LLLO48kEJXs,"2,845,275 views","Jul 31, 2020",84K,3.4K
https://www.youtube.com/watch?v=3IrPblO64SM,"2,442,500 views","Jul 28, 2020",145K,1.9K
https://www.youtube.com/watch?v=O5wMrn9AF3c,"394,422 views","Jul 30, 2020",41K,737
https://www.youtube.com/watch?v=rTFwIGz1upA,"545,354 views","Jul 29, 2020",24K,511
https://www.youtube.com/watch?v=-J65O6cfz_w,"5,092,993 views","Jul 23, 2020",171K,3.3K
https://www.youtube.com/watch?v=MjYnV92EThs,"1,950,558 views","Jul 29, 2020",83K,1.9K
https://www.youtube.com/watch?v=ted2pAnAnQc,"34,582,740 views","Jun 21, 2020",581K,19K
https://www.youtube.com/watch?v=nQ1mmVG-G1g,"278,534,161 views","Apr 4, 2018",1.3M,79K
https://www.youtube.com/watch?v=Sw5fNI400E4,"212,158,872 views","Oct 3, 2019",2M,58K
https://www.youtube.com/watch?v=6MCSr65d9Xc,"10,458,807 views","Jul 25, 2020",364K,11K
https://www.youtube.com/watch?v=gfvzLDm_JrI,"4,747,124 views","Sep 11, 2019",29K,3.1K
https://www.youtube.com/watch?v=Mh2ObRyvqsM,"100,356 views","Jul 31, 2020",1K,141
https://www.youtube.com/watch?v=NWmLGrt21hY,"233,758 views","Jul 31, 2020",35K,583
https://www.youtube.com/watch?v=13wYmuuiIdg,"193,115 views","Jul 31, 2020",25K,209
https://www.youtube.com/watch?v=LvbRrikFTX4,"28,584 views","Jul 30, 2020",677,64
https://www.youtube.com/watch?v=1p0Cq6DdcKw,"3,339,304 views","Feb 11, 2020",100K,5.2K
https://www.youtube.com/watch?v=4zAeQro0LP4,"4,934,814 views","Apr 22, 2020",346K,3.9K
https://www.youtube.com/watch?v=toQbSRrMX9o,"3,100,932 views","Jul 31, 2020",177K,2.3K
https://www.youtube.com/watch?v=YQDDm9HLkV4,"24,675,346 views","Jul 23, 2020",1.6M,16K
https://www.youtube.com/watch?v=xJsMA_ED2KM,"4,214,216 views","Jul 29, 2020",200K,2.9K
https://www.youtube.com/watch?v=F4Y3Pkn95GI,"48,285,624 views","Feb 29, 2020",1.4M,30K
https://www.youtube.com/watch?v=nZ1rTugGIkw,"11,840,183 views","Jul 25, 2020",428K,10K
https://www.youtube.com/watch?v=d3nE9l1Y-hc,"8,604,164 views","Jul 28, 2020",837K,5.7K
https://www.youtube.com/watch?v=c5O9PWE6fQ8,"357,736 views","Jul 31, 2020",23K,457
https://www.youtube.com/watch?v=N_jezgkwMno,"68,808 views","Jul 31, 2020",4.4K,78
https://www.youtube.com/watch?v=rLT6ozWuvJ4,"28,283 views",Streamed live 13 hours ago,4.5K,41
https://www.youtube.com/watch?v=GZFbpNj9N7k,"303,658 views",Premiered 14 hours ago,16K,294
https://www.youtube.com/watch?v=I6zZsj61QJE,"66,208 views","Jul 31, 2020",4.7K,83
https://www.youtube.com/watch?v=dudw5JiklKc,"10,546,577 views","Jul 20, 2020",563K,6.5K
https://www.youtube.com/watch?v=aCz-1tcdjN8,"26,660,101 views","Jun 22, 2020",912K,18K
https://www.youtube.com/watch?v=4xGFo_lYUrs,"39,682,550 views","Premiered Oct 21, 2019",883K,19K
https://www.youtube.com/watch?v=A2FsgKoGD04,"209,266,220 views","May 25, 2017",2.7M,67K
https://www.youtube.com/watch?v=5-3ouosW9IA,"14,338,042 views","Jul 6, 2020",588K,10K
