Links,
https://www.youtube.com/watch?v=DGQwd1_dpuc,
https://www.youtube.com/watch?v=FeJKJ5MoCHY,
https://www.youtube.com/watch?v=0I647GU3Jsc,
https://www.youtube.com/watch?v=V5M2WZiAy6k,
https://www.youtube.com/watch?v=hfBmv6JrOFY,
https://www.youtube.com/watch?v=RK1K2bCg4J8,
https://www.youtube.com/watch?v=_uScLyWGdLs,
https://www.youtube.com/watch?v=UGsva2RN9iE,
https://www.youtube.com/watch?v=hvIg3PTJWxs,
https://www.youtube.com/watch?v=Tese5QrwLUI,
https://www.youtube.com/watch?v=UWb5Qc-fBvk,
https://www.youtube.com/watch?v=Ga540v27NpE,
https://www.youtube.com/watch?v=_0KMSc7Jz_Y,
https://www.youtube.com/watch?v=NtDG-Cnj-pw,
https://www.youtube.com/watch?v=3TlJWoM69ww,
https://www.youtube.com/watch?v=nNe4RUHpLWI,
https://www.youtube.com/watch?v=caYdSWljo1g,
https://www.youtube.com/watch?v=es9m6LFK6DI,
https://www.youtube.com/watch?v=3Ay4Sk7NRCY,
https://www.youtube.com/watch?v=w_IINnpSjY8,
https://www.youtube.com/watch?v=n5WnMJ0J6qA,
https://www.youtube.com/watch?v=SiBiCtnnuQ8,
https://www.youtube.com/watch?v=bnBITTlerk8,
https://www.youtube.com/watch?v=9XfrchyngsE,
https://www.youtube.com/watch?v=bniiFK11Wvo,
https://www.youtube.com/watch?v=GbjxnZw07tU,
https://www.youtube.com/watch?v=npi0DtY8a7I,
https://www.youtube.com/watch?v=kGeg755h8PQ,
https://www.youtube.com/watch?v=WQW9AUO_UJQ,
https://www.youtube.com/watch?v=T2oFlCZSqK8,
https://www.youtube.com/watch?v=XcEvSiCWYKE,
https://www.youtube.com/watch?v=bZed6FakX5c,
https://www.youtube.com/watch?v=jYFTXtbuXsI,
https://www.youtube.com/watch?v=Xe4knzPEsrQ,
https://www.youtube.com/watch?v=duMRQJqFPg0,
https://www.youtube.com/watch?v=4waWPUgIIAM,
https://www.youtube.com/watch?v=c7qie6Fg-IQ,
https://www.youtube.com/watch?v=-MJ7QkAVveI,
https://www.youtube.com/watch?v=b-71kai8JRc,
https://www.youtube.com/watch?v=ofJeBvu0Khg,
https://www.youtube.com/watch?v=GOejwmMqN7Q,
https://www.youtube.com/watch?v=VdnPyTs8Zeg,
https://www.youtube.com/watch?v=cS83FyDpcFs,
https://www.youtube.com/watch?v=EjU1chIhnug,
https://www.youtube.com/watch?v=CmggBdsiruk,
https://www.youtube.com/watch?v=QM8l623AouM,
https://www.youtube.com/watch?v=Yzx1d6_5uMU,
https://www.youtube.com/watch?v=1apoAZHfD9o,
https://www.youtube.com/watch?v=MzP9QOUdpQ4,
https://www.youtube.com/watch?v=BhgVHlrSMDk,
https://www.youtube.com/watch?v=HfEVEGf1A8Q,
https://www.youtube.com/watch?v=eDxBGc9TD4c,
https://www.youtube.com/watch?v=jG1X67vnYM0,
https://www.youtube.com/watch?v=ByYWL1SEe-k,
https://www.youtube.com/watch?v=uc78PxSxXMg,
https://www.youtube.com/watch?v=5PYUQEzAsN0,
https://www.youtube.com/watch?v=8HA1HRufYso,
https://www.youtube.com/watch?v=UhU57OgGp50,
https://www.youtube.com/watch?v=UWb5Qc-fBvk,
https://www.youtube.com/watch?v=3TlJWoM69ww,
https://www.youtube.com/watch?v=NtDG-Cnj-pw,
https://www.youtube.com/watch?v=-Tsnb6M1LVM,
https://www.youtube.com/watch?v=HIj8wU_rGIU,
https://www.youtube.com/watch?v=U8_8fTODn5g,
https://www.youtube.com/watch?v=M5QY2_8704o,
https://www.youtube.com/watch?v=EeeOeksLCF4,
https://www.youtube.com/watch?v=oyk0WPTQlhg,
https://www.youtube.com/watch?v=ffAUrxQqDo8,
https://www.youtube.com/watch?v=_uQrJ0TkZlc,
https://www.youtube.com/watch?v=rfscVS0vtbw,
https://www.youtube.com/watch?v=zg9X6ASj3Q0,
https://www.youtube.com/watch?v=WGJJIrtnfpk,
https://www.youtube.com/watch?v=eTyI-M50Hu4,
https://www.youtube.com/watch?v=ihk_Xglr164,
https://www.youtube.com/watch?v=eIrMbAQSU34,
https://www.youtube.com/watch?v=hBh_CC5y8-s,
https://www.youtube.com/watch?v=rV_3Lewxx6o,
https://www.youtube.com/watch?v=_QKhSx4JVjM,
https://www.youtube.com/watch?v=8cm1x4bC610,
https://www.youtube.com/watch?v=07QCAJYolaE,
https://www.youtube.com/watch?v=V_zzAEFOolA,
https://www.youtube.com/watch?v=KXAbAa1mieU,
https://www.youtube.com/watch?v=JaosdXkUWTs,
https://www.youtube.com/watch?v=tVHB7HC7L5w,
https://www.youtube.com/watch?v=Yf-JsLpebbA,
https://www.youtube.com/watch?v=B5vJGRYQEFs,
https://www.youtube.com/watch?v=P6H2b2vFJdc,
https://www.youtube.com/watch?v=ZgkzwNYxViw,
https://www.youtube.com/watch?v=8PoAmY49E84,
https://www.youtube.com/watch?v=Urv-mvkYIcs,
https://www.youtube.com/watch?v=CmggBdsiruk,
https://www.youtube.com/watch?v=Yf-JsLpebbA,
https://www.youtube.com/watch?v=EjU1chIhnug,
https://www.youtube.com/watch?v=P6H2b2vFJdc,
https://www.youtube.com/watch?v=YM6xYmcnh14,
https://www.youtube.com/watch?v=Hpul0H1ddX8,
https://www.youtube.com/watch?v=cjJkr8Kn4A0,
https://www.youtube.com/watch?v=G1fn4KJVRT8,
https://www.youtube.com/watch?v=hUV75YkMheI,
https://www.youtube.com/watch?v=sIl8vsWrD8o,
https://www.youtube.com/watch?v=B9nTWeqund8,
https://www.youtube.com/watch?v=7V6FGF1ffgQ,
https://www.youtube.com/watch?v=2V1shb3Mi4s,
https://www.youtube.com/watch?v=FCSTdllrDpk,
https://www.youtube.com/watch?v=Q0JbJRdaUsI,
https://www.youtube.com/watch?v=jGWDfBgrVWA,
https://www.youtube.com/watch?v=yAgXsAce4y8,
https://www.youtube.com/watch?v=cVkUWLDOzaw,
https://www.youtube.com/watch?v=X44MTxZp6wY,
https://www.youtube.com/watch?v=zHD6kxU45BY,
https://www.youtube.com/watch?v=c7QYEedjb_o,
https://www.youtube.com/watch?v=ZN6PuzDPDH8,
https://www.youtube.com/watch?v=HQILxqS831E,
https://www.youtube.com/watch?v=CqUqI4OEB28,
https://www.youtube.com/watch?v=WlxOy62n584,
https://www.youtube.com/watch?v=2DWCzrH8Zp8,
https://www.youtube.com/watch?v=3xIUC-ba-Ds,
https://www.youtube.com/watch?v=6AwXKJoKJz4,
https://www.youtube.com/watch?v=Yl-glKTpJdI,
https://www.youtube.com/watch?v=SEpTl9hlyq8,
https://www.youtube.com/watch?v=s31ZFgBZges,
https://www.youtube.com/watch?v=5nX9uVBi95s,
https://www.youtube.com/watch?v=-t614q3v8_M,
https://www.youtube.com/watch?v=jTTNWpag6fI,
https://www.youtube.com/watch?v=Z2usIvcR1U0,
https://www.youtube.com/watch?v=v_IMiEdDxxU,
https://www.youtube.com/watch?v=z9f90On0Pic,
https://www.youtube.com/watch?v=YKplHhOM35o,
https://www.youtube.com/watch?v=sfInez5EBNk,
https://www.youtube.com/watch?v=MAb4JWywUAA,
https://www.youtube.com/watch?v=U_1_JnCiUK8,
https://www.youtube.com/watch?v=-6tb2e8o9P4,
https://www.youtube.com/watch?v=tnCY_B8_Cmw,
https://www.youtube.com/watch?v=xn1M26Lg2vc,
https://www.youtube.com/watch?v=G0r5H-7PfrY,
https://www.youtube.com/watch?v=aK7aE1EIzJM,
https://www.youtube.com/watch?v=ixRdeI1fIAY,
https://www.youtube.com/watch?v=O0dVzpTOIKQ,
https://www.youtube.com/watch?v=YYg25BvAzbw,
https://www.youtube.com/watch?v=8OL5D3Z-piY,
https://www.youtube.com/watch?v=lxMWSmKieuc,
https://www.youtube.com/watch?v=Xdde4pxteII,
https://www.youtube.com/watch?v=wT4eQm3kN1g,
https://www.youtube.com/watch?v=Ae-XkYa8aMI,
https://www.youtube.com/watch?v=V6poqXFxlpM,
https://www.youtube.com/watch?v=z0BdRpOpv7s,
https://www.youtube.com/watch?v=9sw3fjLvNiU,
https://www.youtube.com/watch?v=2QSXKDCFh7o,
https://www.youtube.com/watch?v=FJ3N_2r6R-o,
https://www.youtube.com/watch?v=aPcCWq_gxcw,
https://www.youtube.com/watch?v=LOEfL4k_zF8,
https://www.youtube.com/watch?v=JRBkfW9LOIQ,
https://www.youtube.com/watch?v=rXt8rU97NMQ,
https://www.youtube.com/watch?v=pTcboHrhEls,
https://www.youtube.com/watch?v=DqHctQwqgQ0,
https://www.youtube.com/watch?v=1UGxzkUTlsM,
https://www.youtube.com/watch?v=s0sx2BIhegE,
https://www.youtube.com/watch?v=GSfeZWvCeBY,
https://www.youtube.com/watch?v=iy2GoQjgjC8,
https://www.youtube.com/watch?v=yjmp8CoZBIo,
https://www.youtube.com/watch?v=5nX9uVBi95s,
https://www.youtube.com/watch?v=97qO3g5MGmc,
https://www.youtube.com/watch?v=FMo-6Ut76Hw,
https://www.youtube.com/watch?v=FsUP2aUeyWs,
https://www.youtube.com/watch?v=cZx7Rr3iVvc,
https://www.youtube.com/watch?v=jkh-zJmCoe8,
https://www.youtube.com/watch?v=TpKmG7mDaDM,
https://www.youtube.com/watch?v=oPf27gAup9U,
https://www.youtube.com/watch?v=8iFvfKwV2Zk,
https://www.youtube.com/watch?v=54OCJssCR4M,
https://www.youtube.com/watch?v=1ES8jKUYJyQ,
https://www.youtube.com/watch?v=ztKIWTbtVqw,
https://www.youtube.com/watch?v=ZQarso3FpcM,
https://www.youtube.com/watch?v=1DGOI-u2gng,
https://www.youtube.com/watch?v=o2b3NhptNKI,
https://www.youtube.com/watch?v=ua-iIRQDY8g,
https://www.youtube.com/watch?v=YfvU4xBsQ58,
https://www.youtube.com/watch?v=d0f0z8UbDyU,
https://www.youtube.com/watch?v=Pc-FNBnSplg,
https://www.youtube.com/watch?v=psuRGfAaju4,
https://www.youtube.com/watch?v=x_OwcYTNbHs,
https://www.youtube.com/watch?v=0BOjTMkyfIA,
https://www.youtube.com/watch?v=1XLo0bDwQZY,
https://www.youtube.com/watch?v=DDH9sB6DleE,
https://www.youtube.com/watch?v=rW4XFiHUQAs,
https://www.youtube.com/watch?v=6ucyH9_Yf9A,
https://www.youtube.com/watch?v=1rHSu2oDZXE,
https://www.youtube.com/watch?v=sYrm9YZBeqs,
https://www.youtube.com/watch?v=5V5UBp0zyDw,
https://www.youtube.com/watch?v=W6e1TctNyw8,
https://www.youtube.com/watch?v=EjCLLChDlT0,
https://www.youtube.com/watch?v=d5NEt0OYfxY,
https://www.youtube.com/watch?v=lcL678AASFc,
https://www.youtube.com/watch?v=02NQkhbjALg,
https://www.youtube.com/watch?v=wxvY8tAzAJU,
https://www.youtube.com/watch?v=Iz-3jHcwJFA,
https://www.youtube.com/watch?v=eTtwxF5GIKc,
https://www.youtube.com/watch?v=h_fFKiuBGQg,
https://www.youtube.com/watch?v=7eF5UrOl5p0,
https://www.youtube.com/watch?v=dItwD3-nWdM,
https://www.youtube.com/watch?v=0THXUQk2DFE,
https://www.youtube.com/watch?v=L75fBFFiylk,
https://www.youtube.com/watch?v=Daw9mW41DPE,
https://www.youtube.com/watch?v=-uzf8jOKbpg,
https://www.youtube.com/watch?v=w5Uj5rWNTPM,
https://www.youtube.com/watch?v=jGTUOsgNXUc,
https://www.youtube.com/watch?v=0_FBwJi8VBo,
https://www.youtube.com/watch?v=2z3CEBv8PLI,
https://www.youtube.com/watch?v=jZt53MjhiX4,
https://www.youtube.com/watch?v=BSltzppX3Ro,
https://www.youtube.com/watch?v=_QuCKtoRjFg,
https://www.youtube.com/watch?v=QQzkJNo4qIg,
https://www.youtube.com/watch?v=QDbd0uKbAiI,
https://www.youtube.com/watch?v=xSrricvmTv8,
https://www.youtube.com/watch?v=j1mpmc2dgAg,
https://www.youtube.com/watch?v=Q0MZWqTBXcU,
https://www.youtube.com/watch?v=Yb6cuU5iNrg,
https://www.youtube.com/watch?v=hkiXI__adeI,
https://www.youtube.com/watch?v=ifD0f0crTTU,
https://www.youtube.com/watch?v=DMJIBD7e6wU,
https://www.youtube.com/watch?v=UzkLP8segcs,
https://www.youtube.com/watch?v=Ji_gVOoWOS4,
https://www.youtube.com/watch?v=qS__du7x4pQ,
https://www.youtube.com/watch?v=SzrP5z08Ggw,
https://www.youtube.com/watch?v=gL0gvfQVtXw,
https://www.youtube.com/watch?v=eVQVqpE98No,
https://www.youtube.com/watch?v=zd4ALKv8Das,
https://www.youtube.com/watch?v=ZVlUwwgOfKw,
https://www.youtube.com/watch?v=_kwqqtpprrE,
https://www.youtube.com/watch?v=yU8X-fd_zQQ,
https://www.youtube.com/watch?v=3SZ0TaAWLwo,
https://www.youtube.com/watch?v=U5YWRetmqCU,
https://www.youtube.com/watch?v=Y-0IZmeCJrI,
https://www.youtube.com/watch?v=CKJuC5CUMgU,
https://www.youtube.com/watch?v=nyF0S9Om334,
https://www.youtube.com/watch?v=vRxyCoquhmI,
https://www.youtube.com/watch?v=HWc0-jlHI6s,
https://www.youtube.com/watch?v=-n7brZS3lRU,
https://www.youtube.com/watch?v=jKi7xGE4BEw,
https://www.youtube.com/watch?v=ULjJWOEez8k,
https://www.youtube.com/watch?v=tV3f0_-nGxw,
https://www.youtube.com/watch?v=C0OxJHzAQk4,
https://www.youtube.com/watch?v=0_FBwJi8VBo,
https://www.youtube.com/watch?v=5P_twq4QiLY,
https://www.youtube.com/watch?v=0Fdu2hnu_Rs,
https://www.youtube.com/watch?v=Z50ZJSrsdBQ,
https://www.youtube.com/watch?v=XUzKvgPFCZM,
https://www.youtube.com/watch?v=rHihzpN2b28,
https://www.youtube.com/watch?v=Xuu6x6aKsFI,
https://www.youtube.com/watch?v=i7fHH6jqsig,
https://www.youtube.com/watch?v=haZ-_jEnM8I,
https://www.youtube.com/watch?v=uIzX-wJO1lI,
https://www.youtube.com/watch?v=6FSEKs4Cvjk,
https://www.youtube.com/watch?v=c5LhIKY5UaI,
https://www.youtube.com/watch?v=_xeogqkrWFA,
https://www.youtube.com/watch?v=8k6w5AR6f64,
https://www.youtube.com/watch?v=bPEX_FBgmKE,
https://www.youtube.com/watch?v=2buJqPi8L4o,
https://www.youtube.com/watch?v=sniJXtBhOlk,
https://www.youtube.com/watch?v=Wt3gtMpOa3g,
https://www.youtube.com/watch?v=UY75MQte4RU,
https://www.youtube.com/watch?v=aK-9PdnaWho,
https://www.youtube.com/watch?v=KHeqpdqbsqg,
https://www.youtube.com/watch?v=OKCWxWdlzbo,
https://www.youtube.com/watch?v=md_ot-rfJGA,
https://www.youtube.com/watch?v=3MvNyQgagVA,
https://www.youtube.com/watch?v=uAlOLFUnZkg,
https://www.youtube.com/watch?v=3GiJqSqXl7E,
https://www.youtube.com/watch?v=wnHW6o8WMas,
https://www.youtube.com/watch?v=57pMUKebjms,
https://www.youtube.com/watch?v=EctzLTFrktc,
https://www.youtube.com/watch?v=OFPwDe22CoY,
https://www.youtube.com/watch?v=RlKJDwViNKs,
https://www.youtube.com/watch?v=3SDkzDlw1yc,
https://www.youtube.com/watch?v=-7TwMUyWSE0,
https://www.youtube.com/watch?v=mK53d6aIG48,
https://www.youtube.com/watch?v=bkRgYRA7JnA,
https://www.youtube.com/watch?v=1liSfxaqQ_A,
https://www.youtube.com/watch?v=bLY45o6rHm0,
https://www.youtube.com/watch?v=lounJuTaiSc,
https://www.youtube.com/watch?v=TgWd6wh6-cg,
https://www.youtube.com/watch?v=15Z1mtiJnyk,
https://www.youtube.com/watch?v=0wlnAahqYnI,
https://www.youtube.com/watch?v=w1V3gZv0ebY,
https://www.youtube.com/watch?v=V3EucbqWS64,
https://www.youtube.com/watch?v=x4fmcmTxYsI,
https://www.youtube.com/watch?v=VWD-nx9gA0o,
https://www.youtube.com/watch?v=v3hdoRqA-5M,
https://www.youtube.com/watch?v=v-tfnUh4kms,
https://www.youtube.com/watch?v=R4tCsa53jDc,
https://www.youtube.com/watch?v=JIB3JbIIbPU,
https://www.youtube.com/watch?v=bUATe7NqRBc,
https://www.youtube.com/watch?v=sX1Y2JMK6g8,
https://www.youtube.com/watch?v=bDKbP3YECOw,
https://www.youtube.com/watch?v=nnewZrf7v5U,
https://www.youtube.com/watch?v=cV4yF78iwSs,
https://www.youtube.com/watch?v=brE21SBO2j8,
https://www.youtube.com/watch?v=IP9UDlL74pw,
https://www.youtube.com/watch?v=Yt-9QUGo7og,
https://www.youtube.com/watch?v=nJ8pVaC23zM,
https://www.youtube.com/watch?v=bRUTRVJeUaQ,
https://www.youtube.com/watch?v=sSluL1OjCZA,
https://www.youtube.com/watch?v=161HuY6Gb2Q,
https://www.youtube.com/watch?v=1AliNrMitqk,
https://www.youtube.com/watch?v=t_IDvg__OCc,
https://www.youtube.com/watch?v=RQgSyIDqVQY,
https://www.youtube.com/watch?v=PGNYw5vPkEQ,
https://www.youtube.com/watch?v=SpKZhPcPLMw,
https://www.youtube.com/watch?v=k5-m5W_jN-4,
https://www.youtube.com/watch?v=yU6zMPFd4UU,
https://www.youtube.com/watch?v=WJNrSHN81Sk,
https://www.youtube.com/watch?v=s2YZN2L700Q,
https://www.youtube.com/watch?v=WXz7Yh-adak,
https://www.youtube.com/watch?v=h48BWDeBLno,
https://www.youtube.com/watch?v=mrH2xDlHLIk,
https://www.youtube.com/watch?v=wT0pRnRQJtk,
https://www.youtube.com/watch?v=gufpCHJU6Cw,
https://www.youtube.com/watch?v=ZL6Ie2zFiJo,
https://www.youtube.com/watch?v=c01TSODs2_g,
https://www.youtube.com/watch?v=hpZwCRInrgo,
https://www.youtube.com/watch?v=B7I6D3mSYTE,
https://www.youtube.com/watch?v=mtYvF_27wBM,
https://www.youtube.com/watch?v=xwpKcNc8jDs,
https://www.youtube.com/watch?v=3PXfoxs8UbY,
https://www.youtube.com/watch?v=2tnIYM-qF40,
https://www.youtube.com/watch?v=rnhhUI4nbzY,
https://www.youtube.com/watch?v=RH8kyg9Ofog,
https://www.youtube.com/watch?v=5pcR3eceOf4,
https://www.youtube.com/watch?v=DlAVSwxkqWI,
https://www.youtube.com/watch?v=YHJTN5vJXC8,
https://www.youtube.com/watch?v=rnhhUI4nbzY,
https://www.youtube.com/watch?v=iZRAXSd7s4Y,
https://www.youtube.com/watch?v=29dLpRKIEhU,
https://www.youtube.com/watch?v=GNfVDy7h0Hc,
https://www.youtube.com/watch?v=RH8kyg9Ofog,
https://www.youtube.com/watch?v=MnMcNk7MttQ,
https://www.youtube.com/watch?v=-Jv7lv9EoDQ,
https://www.youtube.com/watch?v=m4bWUIIo3qg,
https://www.youtube.com/watch?v=3s5I0xw2OWE,
https://www.youtube.com/watch?v=MT9FObdUnug,
https://www.youtube.com/watch?v=q8aETK5pQR4,
https://www.youtube.com/watch?v=1J_MKRJUENE,
https://www.youtube.com/watch?v=GUUnJsiQxdU,
https://www.youtube.com/watch?v=l4bpfUcLik0,
https://www.youtube.com/watch?v=svLleaOKSFc,
https://www.youtube.com/watch?v=SlJZLLnhR7k,
https://www.youtube.com/watch?v=FXTgITg-UAM,
https://www.youtube.com/watch?v=f47-DW6QoA0,
https://www.youtube.com/watch?v=rWkCW7FLm4s,
https://www.youtube.com/watch?v=MBRihNZGzA0,
https://www.youtube.com/watch?v=Q_BlCBEUKRo,
https://www.youtube.com/watch?v=nnZDjR2xv20,
https://www.youtube.com/watch?v=rdVyEg0prrw,
https://www.youtube.com/watch?v=5pxQrgmsnAk,
https://www.youtube.com/watch?v=SD4Z8dlZPd8,
https://www.youtube.com/watch?v=xhuIwAG1SP0,
https://www.youtube.com/watch?v=aJOTlE1K90k,
https://www.youtube.com/watch?v=g87k93SDrrs,
https://www.youtube.com/watch?v=Dm9Zf1WYQ_A,
https://www.youtube.com/watch?v=qpgTC9MDx1o,
https://www.youtube.com/watch?v=dwWd85XgkW8,
https://www.youtube.com/watch?v=PFcj6X3BNXI,
https://www.youtube.com/watch?v=ZeCPWVFtWzY,
https://www.youtube.com/watch?v=YAFa82p1Yto,
https://www.youtube.com/watch?v=suLl_eokRnM,
https://www.youtube.com/watch?v=r7qovpFAGrQ,
https://www.youtube.com/watch?v=w2Ov5jzm3j8,
https://www.youtube.com/watch?v=U4xPahDjY6k,
https://www.youtube.com/watch?v=Q9Vjvz1NPN8,
https://www.youtube.com/watch?v=75PpxGzR7s0,
https://www.youtube.com/watch?v=pl5WHx8QCVk,
https://www.youtube.com/watch?v=Dm9Zf1WYQ_A,
https://www.youtube.com/watch?v=DyDfgMOUjCI,
https://www.youtube.com/watch?v=V1Pl8CzNzCw,
https://www.youtube.com/watch?v=a2xhCMoQT_Q,
https://www.youtube.com/watch?v=gBRi6aZJGj4,
https://www.youtube.com/watch?v=t7ZZDITrxSY,
https://www.youtube.com/watch?v=UufZqvdGOBE,
https://www.youtube.com/watch?v=VD479r44iZk,
https://www.youtube.com/watch?v=yMN_j-dYEgE,
https://www.youtube.com/watch?v=s2BiELoKOPE,
https://www.youtube.com/watch?v=hXyzlkmUD64,
https://www.youtube.com/watch?v=mby5WjNFmhI,
https://www.youtube.com/watch?v=hWzccW4TQkg,
https://www.youtube.com/watch?v=ZvKcKsFCIbk,
https://www.youtube.com/watch?v=6zyuNRf2d5w,
https://www.youtube.com/watch?v=CaiI11gEWYo,
https://www.youtube.com/watch?v=klJz3y5C5sI,
https://www.youtube.com/watch?v=mseD7dAu3Mg,
https://www.youtube.com/watch?v=XfjL4fEghXQ,
https://www.youtube.com/watch?v=nk7DpstIieA,
https://www.youtube.com/watch?v=Les010vLDpI,
https://www.youtube.com/watch?v=BYg6_u_WJf4,
https://www.youtube.com/watch?v=DF-kfDEJEdc,
https://www.youtube.com/watch?v=XaNZeRNeTrY,
https://www.youtube.com/watch?v=9lT6ABDj32I,
https://www.youtube.com/watch?v=gAAjOYIowaM,
https://www.youtube.com/watch?v=AOkVEwMQOTM,
https://www.youtube.com/watch?v=G42RJ4mKj1k,
https://www.youtube.com/watch?v=j7T6__UbhBI,
https://www.youtube.com/watch?v=3qHkcs3kG44,
https://www.youtube.com/watch?v=6adKh-LYk3s,
https://www.youtube.com/watch?v=GUUnJsiQxdU,
https://www.youtube.com/watch?v=XqZsoesa55w,
https://www.youtube.com/watch?v=j8z7UjET1Is,
https://www.youtube.com/watch?v=020g-0hhCAU,
https://www.youtube.com/watch?v=0xGCHSaAdKA,
https://www.youtube.com/watch?v=Wbk4gZz2weQ,
https://www.youtube.com/watch?v=dvwF6BfHUmo,
https://www.youtube.com/watch?v=9IHwqdz8Xhw,
https://www.youtube.com/watch?v=XsX3ATc3FbA,
https://www.youtube.com/watch?v=MBdVXkSdhwU,
https://www.youtube.com/watch?v=7C2z4GqqS5E,
https://www.youtube.com/watch?v=hmE9f-TEutc,
https://www.youtube.com/watch?v=gwMa6gpoE9I,
https://www.youtube.com/watch?v=DPSvFf9qcAs,
https://www.youtube.com/watch?v=mxh3r5WrwEE,
https://www.youtube.com/watch?v=S0JGM4Jt11g,
https://www.youtube.com/watch?v=Xiqtm_TSx34,
https://www.youtube.com/watch?v=S-kb-XV8wMI,
https://www.youtube.com/watch?v=pPHm3dirrVE,
https://www.youtube.com/watch?v=WENb6lBQkJU,
https://www.youtube.com/watch?v=WUfnQPoJbSc,
https://www.youtube.com/watch?v=_ZW-AZ2mNeA,
https://www.youtube.com/watch?v=_jJiTcubp5E,
https://www.youtube.com/watch?v=UGRcJQ9tMbY,
https://www.youtube.com/watch?v=rTb3GR6yrQI,
https://www.youtube.com/watch?v=zGZNdc3QnJY,
https://www.youtube.com/watch?v=hDmTVUa6HOA,
https://www.youtube.com/watch?v=ZrcfiXRB_u8,
https://www.youtube.com/watch?v=aUw4b3LeudE,
https://www.youtube.com/watch?v=_nzmXI-BNkU,
https://www.youtube.com/watch?v=pFDJWmotTqU,
https://www.youtube.com/watch?v=_F7IW_K_3H8,
https://www.youtube.com/watch?v=oSCSWVrcCtA,
https://www.youtube.com/watch?v=hnPIOfJjq8w,
https://www.youtube.com/watch?v=fU3Jh_oZZE0,
https://www.youtube.com/watch?v=9MwZdQUaVTM,
https://www.youtube.com/watch?v=Lvgd7JBqT4M,
https://www.youtube.com/watch?v=pGNehPhx8Jo,
https://www.youtube.com/watch?v=l58XSxWK8P4,
https://www.youtube.com/watch?v=gjqMdtCnUlk,
https://www.youtube.com/watch?v=qlbqaibkdsU,
https://www.youtube.com/watch?v=w8vV8jmF-qc,
https://www.youtube.com/watch?v=zPGs-o40xIU,
https://www.youtube.com/watch?v=5qap5aO4i9A,
https://www.youtube.com/watch?v=DWcJFNfaw9c,
https://www.youtube.com/watch?v=qsdzdUYl5c0,
https://www.youtube.com/watch?v=lTRiuFIWV54,
https://www.youtube.com/watch?v=-5KAN9_CzSA,
https://www.youtube.com/watch?v=aYT0_5wUAs0,
https://www.youtube.com/watch?v=0BITgGt7B98,
https://www.youtube.com/watch?v=toQbSRrMX9o,
https://www.youtube.com/watch?v=Qw1wGohtfRE,
https://www.youtube.com/watch?v=hJtpTHexrds,
https://www.youtube.com/watch?v=mUy4fdAhOME,
https://www.youtube.com/watch?v=k1iIbdLQF0c,
https://www.youtube.com/watch?v=IAx-m1Z8L1c,
https://www.youtube.com/watch?v=erynuZ9yJBs,
https://www.youtube.com/watch?v=ardRp2x0D_E,
https://www.youtube.com/watch?v=fmLAt4Uf_Q0,
https://www.youtube.com/watch?v=eN6AYHAT8UM,
https://www.youtube.com/watch?v=BBAyRBTfsOU,
https://www.youtube.com/watch?v=ftMnmPC82qM,
https://www.youtube.com/watch?v=q_0uF80IZXM,
https://www.youtube.com/watch?v=LxhEW6B-DrM,
https://www.youtube.com/watch?v=hVCYwwFwGEE,
https://www.youtube.com/watch?v=TSIv8AdQ8kI,
https://www.youtube.com/watch?v=F8AkDqpatX0,
https://www.youtube.com/watch?v=ePkGwBTkUXs,
https://www.youtube.com/watch?v=Not-wdJvG-Y,
https://www.youtube.com/watch?v=C-NPvbU1V1U,
https://www.youtube.com/watch?v=cCYOqx8qho8,
https://www.youtube.com/watch?v=MrPKsLq8OqI,
https://www.youtube.com/watch?v=daPEm8USZW8,
https://www.youtube.com/watch?v=wT0pRnRQJtk,
https://www.youtube.com/watch?v=qSH5tmUQHB0,
https://www.youtube.com/watch?v=S1-DKoij-2M,
https://www.youtube.com/watch?v=N3JUFKwwTd0,
https://www.youtube.com/watch?v=9ZKchQz6C7s,
https://www.youtube.com/watch?v=NZFrruhteYQ,
https://www.youtube.com/watch?v=NkHxPF4z4lU,
https://www.youtube.com/watch?v=pARr5KAPjxk,
https://www.youtube.com/watch?v=UqjB6DtwFak,
https://www.youtube.com/watch?v=jBLVLPSoQLM,
https://www.youtube.com/watch?v=0pKNusGLX6w,
https://www.youtube.com/watch?v=bC49qDUPciQ,
https://www.youtube.com/watch?v=8Bb0Vt3RqdE,
https://www.youtube.com/watch?v=9WJ732Kpu80,
https://www.youtube.com/watch?v=KB4i909dX24,
https://www.youtube.com/watch?v=LzTZnlx4GMw,
https://www.youtube.com/watch?v=xb2N7rYgGYo,
https://www.youtube.com/watch?v=5qap5aO4i9A,
https://www.youtube.com/watch?v=DWcJFNfaw9c,
https://www.youtube.com/watch?v=lTRiuFIWV54,
https://www.youtube.com/watch?v=jrTMMG0zJyI,
https://www.youtube.com/watch?v=toQbSRrMX9o,
https://www.youtube.com/watch?v=xJsMA_ED2KM,
https://www.youtube.com/watch?v=YQDDm9HLkV4,
https://www.youtube.com/watch?v=fZDUxJ-7Y4A,
https://www.youtube.com/watch?v=F4Y3Pkn95GI,
https://www.youtube.com/watch?v=nZ1rTugGIkw,
https://www.youtube.com/watch?v=gDMf5g8EU5g,
https://www.youtube.com/watch?v=gl1aHhXnN1k,
https://www.youtube.com/watch?v=ffxKSjUwKdU,
https://www.youtube.com/watch?v=AoAm4om0wTs,
https://www.youtube.com/watch?v=1ekZEVeXwek,
https://www.youtube.com/watch?v=pE49WK-oNjU,
https://www.youtube.com/watch?v=ejKvwawO0uA,
https://www.youtube.com/watch?v=rbqcix22u8U,
https://www.youtube.com/watch?v=8s9joL_AGfo,
https://www.youtube.com/watch?v=DUPo62ouU84,
https://www.youtube.com/watch?v=dmMoYNpjFvg,
https://www.youtube.com/watch?v=iy0txHvaLic,
https://www.youtube.com/watch?v=wqkRoMtdpas,
https://www.youtube.com/watch?v=CANiqCXhDx4,
https://www.youtube.com/watch?v=3b9S4G9XRXo,
https://www.youtube.com/watch?v=tbGvd_nIHPI,
https://www.youtube.com/watch?v=lNDO_BC3JFU,
https://www.youtube.com/watch?v=L4fqAPGN_qk,
https://www.youtube.com/watch?v=vqwNEhJVDQ8,
https://www.youtube.com/watch?v=OUPcKUu2e28,
https://www.youtube.com/watch?v=jAl1TbbChLs,
https://www.youtube.com/watch?v=DMLW_KuX59Q,
https://www.youtube.com/watch?v=s6NvNwH9kUc,
https://www.youtube.com/watch?v=JjGF0Ev8fd8,
https://www.youtube.com/watch?v=3FxzJ0c2P-I,
https://www.youtube.com/watch?v=-lzCrx8JoYM,
https://www.youtube.com/watch?v=E3FfwK81OsU,
https://www.youtube.com/watch?v=9xG5aPvrS-k,
https://www.youtube.com/watch?v=NZYKLEsLRrs,
https://www.youtube.com/watch?v=FZU452zBzfo,
https://www.youtube.com/watch?v=diQlOF5BYPA,
https://www.youtube.com/watch?v=m2CaixwGhoQ,
https://www.youtube.com/watch?v=3Ohl0ankCh8,
https://www.youtube.com/watch?v=NLEb1DeBiS8,
https://www.youtube.com/watch?v=hSlb1ezRqfA,
https://www.youtube.com/watch?v=-9EZKlBMzS8,
https://www.youtube.com/watch?v=uaQOkahQmYg,
https://www.youtube.com/watch?v=TuIcBPm90aM,
https://www.youtube.com/watch?v=PN5YWJfvNvE,
https://www.youtube.com/watch?v=lzb4q2CGpLY,
https://www.youtube.com/watch?v=cYVYQicmO3A,
https://www.youtube.com/watch?v=xhuIwAG1SP0,
https://www.youtube.com/watch?v=NLWUTAElfn0,
https://www.youtube.com/watch?v=ip3f5jwRgs0,
https://www.youtube.com/watch?v=VyPDo5dieZU,
https://www.youtube.com/watch?v=AZmAgoir1Tc,
https://www.youtube.com/watch?v=d3nE9l1Y-hc,
https://www.youtube.com/watch?v=tk74ojAy-7k,
https://www.youtube.com/watch?v=ipbeBZQMm-g,
https://www.youtube.com/watch?v=jHsv9iApV2M,
https://www.youtube.com/watch?v=C2EEvwrMgdg,
https://www.youtube.com/watch?v=LJCfM7cW9AE,
https://www.youtube.com/watch?v=UufZqvdGOBE,
https://www.youtube.com/watch?v=2grRyvwb4WI,
https://www.youtube.com/watch?v=XbGs_qK2PQA,
https://www.youtube.com/watch?v=r_0JjYUe5jo,
https://www.youtube.com/watch?v=_Yhyp-_hX2s,
https://www.youtube.com/watch?v=j5-yKhDd64s,
https://www.youtube.com/watch?v=8CdcCD5V-d8,
https://www.youtube.com/watch?v=uelHwf8o7_U,
https://www.youtube.com/watch?v=vlUHyBD69n8,
https://www.youtube.com/watch?v=ssVHnWLB2QQ,
https://www.youtube.com/watch?v=bPilqhXqOZw,
https://www.youtube.com/watch?v=a5y2B1tbCx8,
https://www.youtube.com/watch?v=f7kmtWiRBYs,
https://www.youtube.com/watch?v=WvZMtbE18ws,
https://www.youtube.com/watch?v=yzmUEvQA3XU,
https://www.youtube.com/watch?v=dMoP699hhco,
https://www.youtube.com/watch?v=KGR65lBVGdE,
https://www.youtube.com/watch?v=aXYhaLUvL9I,
https://www.youtube.com/watch?v=O0Gcj7Kfb4s,
https://www.youtube.com/watch?v=K-a8s8OLBSE,
https://www.youtube.com/watch?v=e-ORhEE9VVg,
https://www.youtube.com/watch?v=Dkk9gvTmCXY,
https://www.youtube.com/watch?v=3tmd-ClpJxA,
https://www.youtube.com/watch?v=8xg3vE8Ie_E,
https://www.youtube.com/watch?v=ba7mB8oueCY,
https://www.youtube.com/watch?v=ApXoWvfEYVU,
https://www.youtube.com/watch?v=wXhTHyIgQ_U,
https://www.youtube.com/watch?v=UceaB4D0jpo,
https://www.youtube.com/watch?v=UYwF-jdcVjY,
https://www.youtube.com/watch?v=nEmehcK7KfQ,
https://www.youtube.com/watch?v=hOuwNiCa-zU,
https://www.youtube.com/watch?v=XHn5H9YdFWw,
https://www.youtube.com/watch?v=N7OV9I3m7Cc,
https://www.youtube.com/watch?v=AqHA4WKpflQ,
https://www.youtube.com/watch?v=nvMBgFk_Ozc,
https://www.youtube.com/watch?v=3bUl6D4r1Zs,
https://www.youtube.com/watch?v=9CM5g9FouFI,
https://www.youtube.com/watch?v=W_C5L0DdQHw,
https://www.youtube.com/watch?v=Qw1wGohtfRE,
https://www.youtube.com/watch?v=b7palqXIKZs,
https://www.youtube.com/watch?v=rlR4PJn8b8I,
https://www.youtube.com/watch?v=9bI6h_9K4s0,
https://www.youtube.com/watch?v=eTa1jHk1Lxc,
https://www.youtube.com/watch?v=TZE9gVF1QbA,
https://www.youtube.com/watch?v=eTkxsPBTrnk,
https://www.youtube.com/watch?v=xTlNMmZKwpA,
https://www.youtube.com/watch?v=PEGccV-NOm8,
https://www.youtube.com/watch?v=cJc7xWJbwJw,
https://www.youtube.com/watch?v=3y-O-4IL-PU,
https://www.youtube.com/watch?v=AJbiZEQYeL8,
https://www.youtube.com/watch?v=wue4XyfmTPM,
https://www.youtube.com/watch?v=EjP1oB7BA3o,
https://www.youtube.com/watch?v=nyDGJcEyNOk,
https://www.youtube.com/watch?v=axwJncFouXk,
https://www.youtube.com/watch?v=gFtsQzmmBAQ,
https://www.youtube.com/watch?v=WPni755-Krg,
https://www.youtube.com/watch?v=gtmzPUmq7XU,
https://www.youtube.com/watch?v=BklGhQYKl30,
https://www.youtube.com/watch?v=XULUBg_ZcAU,
https://www.youtube.com/watch?v=9T1BBJlQZrY,
https://www.youtube.com/watch?v=m8gKy5eKupw,
https://www.youtube.com/watch?v=sjkrrmBnpGE,
https://www.youtube.com/watch?v=gFsBpL_Uy6Y,
https://www.youtube.com/watch?v=W0Y2mcIHOr4,
https://www.youtube.com/watch?v=TcMBFSGVi1c,
https://www.youtube.com/watch?v=lbHSosl5LCo,
https://www.youtube.com/watch?v=cpK582vCZaQ,
https://www.youtube.com/watch?v=_QNknEFnIgg,
https://www.youtube.com/watch?v=yZ9bdk6CCH4,
https://www.youtube.com/watch?v=JLhuyGJA1bM,
https://www.youtube.com/watch?v=mekQJgeXpkM,
https://www.youtube.com/watch?v=ooTrO0M6FqE,
https://www.youtube.com/watch?v=BNIj_ZAdV-o,
https://www.youtube.com/watch?v=3gDQDI6IhUk,
https://www.youtube.com/watch?v=5yCWJdqSgrY,
https://www.youtube.com/watch?v=17oCQakzIl8,
https://www.youtube.com/watch?v=0b_eHBZLM6U,
https://www.youtube.com/watch?v=qVIXUhZ2AWs,
https://www.youtube.com/watch?v=rpVA_QHwXmY,
https://www.youtube.com/watch?v=Wf4cea5oObY,
https://www.youtube.com/watch?v=ioNng23DkIM,
https://www.youtube.com/watch?v=2S24-y0Ij3Y,
https://www.youtube.com/watch?v=IHNzOHi8sJs,
https://www.youtube.com/watch?v=bwmSjveL3Lc,
https://www.youtube.com/watch?v=M4yiq8osUrM,
https://www.youtube.com/watch?v=HfuUuMXgP0I,
https://www.youtube.com/watch?v=cCZruShUPwk,
https://www.youtube.com/watch?v=Uc_jWAsf74E,
https://www.youtube.com/watch?v=6gHfVQ50OnQ,
https://www.youtube.com/watch?v=ZUISkLRKJZk,
https://www.youtube.com/watch?v=5yXQj-pcLxo,
https://www.youtube.com/watch?v=ZengOKCUBHo,
https://www.youtube.com/watch?v=mzB1VGEGcSU,
https://www.youtube.com/watch?v=iI34LYmJ1Fs,
https://www.youtube.com/watch?v=5SejM_hBvMM,
https://www.youtube.com/watch?v=C5i-UnuUKUI,
https://www.youtube.com/watch?v=Dxm3cHrKcbA,
https://www.youtube.com/watch?v=qhtaaW_BOw4,
https://www.youtube.com/watch?v=3VglNPboRfY,
https://www.youtube.com/watch?v=fYK27ivcRLU,
https://www.youtube.com/watch?v=3Ohl0ankCh8,
https://www.youtube.com/watch?v=IRnhvNnfmAQ,
https://www.youtube.com/watch?v=KZCc-StOrvU,
https://www.youtube.com/watch?v=Tvd01Fhd0sI,
https://www.youtube.com/watch?v=kqhz6yY6hhQ,
https://www.youtube.com/watch?v=P2Lx8yIwivM,
https://www.youtube.com/watch?v=uMYG4GGMgfA,
https://www.youtube.com/watch?v=LLLO48kEJXs,
https://www.youtube.com/watch?v=3IrPblO64SM,
https://www.youtube.com/watch?v=O5wMrn9AF3c,
https://www.youtube.com/watch?v=rTFwIGz1upA,
https://www.youtube.com/watch?v=-J65O6cfz_w,
https://www.youtube.com/watch?v=MjYnV92EThs,
https://www.youtube.com/watch?v=ted2pAnAnQc,
https://www.youtube.com/watch?v=nQ1mmVG-G1g,
https://www.youtube.com/watch?v=Sw5fNI400E4,
https://www.youtube.com/watch?v=6MCSr65d9Xc,
https://www.youtube.com/watch?v=gfvzLDm_JrI,
https://www.youtube.com/watch?v=Mh2ObRyvqsM,
https://www.youtube.com/watch?v=NWmLGrt21hY,
https://www.youtube.com/watch?v=13wYmuuiIdg,
https://www.youtube.com/watch?v=LvbRrikFTX4,
https://www.youtube.com/watch?v=1p0Cq6DdcKw,
https://www.youtube.com/watch?v=4zAeQro0LP4,
https://www.youtube.com/watch?v=toQbSRrMX9o,
https://www.youtube.com/watch?v=YQDDm9HLkV4,
https://www.youtube.com/watch?v=xJsMA_ED2KM,
https://www.youtube.com/watch?v=F4Y3Pkn95GI,
https://www.youtube.com/watch?v=nZ1rTugGIkw,
https://www.youtube.com/watch?v=d3nE9l1Y-hc,
https://www.youtube.com/watch?v=heBsM88TwrA,
https://www.youtube.com/watch?v=c5O9PWE6fQ8,
https://www.youtube.com/watch?v=N_jezgkwMno,
https://www.youtube.com/watch?v=rLT6ozWuvJ4,
https://www.youtube.com/watch?v=GZFbpNj9N7k,
https://www.youtube.com/watch?v=I6zZsj61QJE,
https://www.youtube.com/watch?v=dudw5JiklKc,
https://www.youtube.com/watch?v=aCz-1tcdjN8,
https://www.youtube.com/watch?v=4xGFo_lYUrs,
https://www.youtube.com/watch?v=A2FsgKoGD04,
https://www.youtube.com/watch?v=5-3ouosW9IA,
